"id","name","code","account_type","chart_template_id/id","reconcile"
"account_account_template_0_111001","صندوق ریالی","111001","income","l10n_ir_accounting.l10n_ir_chart_template","1"
"account_account_template_0_111002","صندوق ارزی","111002","income","l10n_ir_accounting.l10n_ir_chart_template","1"
"account_account_template_0_111003","تنخواه گردانهای ریالی","111003","income","l10n_ir_accounting.l10n_ir_chart_template","1"
"account_account_template_0_111004","تنخواه گردانهای ارزی","111004","income","l10n_ir_accounting.l10n_ir_chart_template","1"
"account_account_template_0_111005","موجودی بانکهای ریالی","111005","income","l10n_ir_accounting.l10n_ir_chart_template","1"
"account_account_template_0_111006","موجودی بانکهای ارزی","111006","income","l10n_ir_accounting.l10n_ir_chart_template","1"
"account_account_template_0_111007","وجوه در راه","111007","asset_current","l10n_ir_accounting.l10n_ir_chart_template","1"
"account_account_template_0_111008","موجودی واریز نامه های ارزی","111008","income","l10n_ir_accounting.l10n_ir_chart_template","1"
"account_account_template_0_111009","سپرده کوتاه مدت بانکی","111009","income","l10n_ir_accounting.l10n_ir_chart_template","1"
"account_account_template_0_111101","سپرده های  کوتاه مدت بانکی","111101","income","l10n_ir_accounting.l10n_ir_chart_template","1"
"account_account_template_0_111102","سپرده شرکت در مناقصه ومزایده","111102","asset_current","l10n_ir_accounting.l10n_ir_chart_template","1"
"account_account_template_0_111103","سپرده های گمرکی","111103","asset_current","l10n_ir_accounting.l10n_ir_chart_template","1"
"account_account_template_0_111104","سپرده های دریافتنی","111104","asset_receivable","l10n_ir_accounting.l10n_ir_chart_template","1"
"account_account_template_0_111105","سپرده ضمانتنامه های بانکی","111105","asset_current","l10n_ir_accounting.l10n_ir_chart_template","1"
"account_account_template_0_111106","سایر سپرده ها","111106","asset_current","l10n_ir_accounting.l10n_ir_chart_template","1"
"account_account_template_0_111201","چکهای در جریان وصول","111201","asset_current","l10n_ir_accounting.l10n_ir_chart_template","1"
"account_account_template_0_111202","اسناد در جریان وصول","111202","asset_current","l10n_ir_accounting.l10n_ir_chart_template","1"
"account_account_template_0_111203","چکهای دریافتنی نزد صندوق","111203","asset_receivable","l10n_ir_accounting.l10n_ir_chart_template","1"
"account_account_template_0_111204","اسناد دریافتنی نزد صندوق","111204","asset_receivable","l10n_ir_accounting.l10n_ir_chart_template","1"
"account_account_template_0_111205","چک پول نزد صندوق","111205","income","l10n_ir_accounting.l10n_ir_chart_template","1"
"account_account_template_0_111206","چکهای دریافتنی نزد صندوق غیرتجاری","111206","asset_receivable","l10n_ir_accounting.l10n_ir_chart_template","1"
"account_account_template_0_111301","اشخاص (حسابهای دریافتنی)","111301","asset_receivable","l10n_ir_accounting.l10n_ir_chart_template","1"
"account_account_template_0_111302","شرکتها (حسابهای دریافتنی)","111302","asset_receivable","l10n_ir_accounting.l10n_ir_chart_template","1"
"account_account_template_0_111303","تعهد صاحبان سهام","111303","asset_current","l10n_ir_accounting.l10n_ir_chart_template","1"
"account_account_template_0_111305","ذخیره مطالبات مشکوک الوصول","111305","asset_current","l10n_ir_accounting.l10n_ir_chart_template","1"
"account_account_template_0_111306","اسناد واخواست شده","111306","asset_current","l10n_ir_accounting.l10n_ir_chart_template","1"
"account_account_template_0_111401","مساعده حقوق","111401","asset_current","l10n_ir_accounting.l10n_ir_chart_template","1"
"account_account_template_0_111402","وام ضروری کارکنان","111402","asset_current","l10n_ir_accounting.l10n_ir_chart_template","1"
"account_account_template_0_111403","وام مسکن کارکنان","111403","asset_current","l10n_ir_accounting.l10n_ir_chart_template","1"
"account_account_template_0_111404","جاری کارکنان","111404","asset_current","l10n_ir_accounting.l10n_ir_chart_template","1"
"account_account_template_0_111405","وجوهات قرضی","111405","asset_current","l10n_ir_accounting.l10n_ir_chart_template","1"
"account_account_template_0_111406","خسارات قابل دریافت از بیمه","111406","asset_current","l10n_ir_accounting.l10n_ir_chart_template","1"
"account_account_template_0_111407","مطالبات غیر تجاری از سایر اشخاص حقیقی و حقوقی","111407","asset_current","l10n_ir_accounting.l10n_ir_chart_template","1"
"account_account_template_0_111408","سایر کسور کارکنان","111408","asset_current","l10n_ir_accounting.l10n_ir_chart_template","1"
"account_account_template_0_111409","حق العمل کاران و ترخیص کاران گمرکی","111409","asset_current","l10n_ir_accounting.l10n_ir_chart_template","1"
"account_account_template_0_111410","صندوق قرض الحسنه کارکنان","111410","asset_current","l10n_ir_accounting.l10n_ir_chart_template","1"
"account_account_template_0_111411","سایر حسابها واسناد دریافتنی","111411","asset_receivable","l10n_ir_accounting.l10n_ir_chart_template","1"
"account_account_template_0_111412","وام کاشی","111412","asset_current","l10n_ir_accounting.l10n_ir_chart_template","1"
"account_account_template_0_111413","وام موتور","111413","asset_current","l10n_ir_accounting.l10n_ir_chart_template","1"
"account_account_template_0_111414","بدهکاران موقت","111414","asset_current","l10n_ir_accounting.l10n_ir_chart_template","1"
"account_account_template_0_111415","اسناد حقوقی شده","111415","asset_current","l10n_ir_accounting.l10n_ir_chart_template","1"
"account_account_template_0_111416","سود سهام دریافتنی","111416","asset_receivable","l10n_ir_accounting.l10n_ir_chart_template","1"
"account_account_template_0_111499","سود سهام پرداختی","111499","asset_current","l10n_ir_accounting.l10n_ir_chart_template","1"
"account_account_template_0_111501","سپرده های کوتاه مدت نزدبانکها","111501","asset_current","l10n_ir_accounting.l10n_ir_chart_template","1"
"account_account_template_0_111502","سهام سایر شرکتها","111502","asset_current","l10n_ir_accounting.l10n_ir_chart_template","1"
"account_account_template_0_111601","موجودی مواد اولیه","111601","asset_current","l10n_ir_accounting.l10n_ir_chart_template","1"
"account_account_template_0_111602","موجودی قطعات و لوازم یدکی","111602","asset_current","l10n_ir_accounting.l10n_ir_chart_template","1"
"account_account_template_0_111603","موجودی مصالح ساختمانی","111603","asset_current","l10n_ir_accounting.l10n_ir_chart_template","1"
"account_account_template_0_111604","موجودی محصولات","111604","asset_current","l10n_ir_accounting.l10n_ir_chart_template","1"
"account_account_template_0_111605","حساب واسط انبار و بهای تمام شده","111605","asset_current","l10n_ir_accounting.l10n_ir_chart_template","1"
"account_account_template_0_111606","اموال موجود در انبار","111606","asset_current","l10n_ir_accounting.l10n_ir_chart_template","1"
"account_account_template_0_111607","کرایه حمل موجودیها","111607","asset_current","l10n_ir_accounting.l10n_ir_chart_template","1"
"account_account_template_0_111608","موجودی ضایعات","111608","asset_current","l10n_ir_accounting.l10n_ir_chart_template","1"
"account_account_template_0_111609","کالای امانی ما نزد دیگران","111609","asset_current","l10n_ir_accounting.l10n_ir_chart_template","1"
"account_account_template_0_111610","حساب واسط انبار نیمه ساخته","111610","asset_current","l10n_ir_accounting.l10n_ir_chart_template","1"
"account_account_template_0_111611","انحراف نرخ خرید مواداولیه","111611","asset_current","l10n_ir_accounting.l10n_ir_chart_template","1"
"account_account_template_0_111612","موجودی محصولات  (2)","111612","asset_current","l10n_ir_accounting.l10n_ir_chart_template","1"
"account_account_template_0_111613","موجودی محصولات(3)","111613","asset_current","l10n_ir_accounting.l10n_ir_chart_template","1"
"account_account_template_0_111614","موجودی مواد نیمه ساخته","111614","asset_current","l10n_ir_accounting.l10n_ir_chart_template","1"
"account_account_template_0_111615","موجودی محصولات 4","111615","asset_current","l10n_ir_accounting.l10n_ir_chart_template","1"
"account_account_template_0_111616","واسط کرایه حمل موجودی ها","111616","asset_current","l10n_ir_accounting.l10n_ir_chart_template","1"
"account_account_template_0_111621","موجودی اقلام راکد وناباب","111621","asset_current","l10n_ir_accounting.l10n_ir_chart_template","1"
"account_account_template_0_111622","موجودی ضایعات مواداولیه ولوازم یدکی","111622","asset_current","l10n_ir_accounting.l10n_ir_chart_template","1"
"account_account_template_0_111623","ذخیره موجودی اقلام راکد وناباب","111623","asset_current","l10n_ir_accounting.l10n_ir_chart_template","1"
"account_account_template_0_111624","ذخیره کاهش ارزش موجودی محصولات","111624","asset_current","l10n_ir_accounting.l10n_ir_chart_template","1"
"account_account_template_0_111625","ذخیره کاهش ارزش موجودی مواد اولیه","111625","asset_current","l10n_ir_accounting.l10n_ir_chart_template","1"
"account_account_template_0_111626","ذخیره کاهش ارزش موجودی قطعات وملزومات","111626","asset_current","l10n_ir_accounting.l10n_ir_chart_template","1"
"account_account_template_0_111701","کالای در جریان ساخت","111701","asset_current","l10n_ir_accounting.l10n_ir_chart_template","1"
"account_account_template_0_111702","انحراف نرخ کاردرجریان ابتدای دوره","111702","asset_current","l10n_ir_accounting.l10n_ir_chart_template","1"
"account_account_template_0_111801","بهای اصلی سفارش","111801","asset_current","l10n_ir_accounting.l10n_ir_chart_template","1"
"account_account_template_0_111802","هزینه های ثبت سفارش","111802","asset_current","l10n_ir_accounting.l10n_ir_chart_template","1"
"account_account_template_0_111803","هزینه های بیمه","111803","asset_current","l10n_ir_accounting.l10n_ir_chart_template","1"
"account_account_template_0_111804","هزینه های بانکی","111804","asset_current","l10n_ir_accounting.l10n_ir_chart_template","1"
"account_account_template_0_111805","هزینه های گمرکی","111805","asset_current","l10n_ir_accounting.l10n_ir_chart_template","1"
"account_account_template_0_111806","حقوق وعوارض بندری","111806","asset_current","l10n_ir_accounting.l10n_ir_chart_template","1"
"account_account_template_0_111807","هزینه بازرسی","111807","asset_current","l10n_ir_accounting.l10n_ir_chart_template","1"
"account_account_template_0_111808","هزینه حق العمل ترخیص","111808","asset_current","l10n_ir_accounting.l10n_ir_chart_template","1"
"account_account_template_0_111809","هزینه حمل","111809","asset_current","l10n_ir_accounting.l10n_ir_chart_template","1"
"account_account_template_0_111810","سایر هزینه ها","111810","asset_current","l10n_ir_accounting.l10n_ir_chart_template","1"
"account_account_template_0_111811","هزینه قبل از گشایش اعتبار","111811","asset_current","l10n_ir_accounting.l10n_ir_chart_template","1"
"account_account_template_0_111901","پیش پرداخت خرید مواد اولیه","111901","asset_current","l10n_ir_accounting.l10n_ir_chart_template","1"
"account_account_template_0_111902","پیش پرداخت خرید اموال ماشین آلات و تجهیزات","111902","asset_current","l10n_ir_accounting.l10n_ir_chart_template","1"
"account_account_template_0_111903","پیش پرداخت خرید قطعات و لوازم یدکی","111903","asset_current","l10n_ir_accounting.l10n_ir_chart_template","1"
"account_account_template_0_111904","پیش پرداخت هزینه های جاری","111904","asset_current","l10n_ir_accounting.l10n_ir_chart_template","1"
"account_account_template_0_111905","پیش پرداخت خرید خدمات","111905","asset_current","l10n_ir_accounting.l10n_ir_chart_template","1"
"account_account_template_0_111906","پیش پرداخت اعتبارات اسنادی","111906","asset_current","l10n_ir_accounting.l10n_ir_chart_template","1"
"account_account_template_0_111907","پیش پرداخت بیمه دارائیها","111907","asset_current","l10n_ir_accounting.l10n_ir_chart_template","1"
"account_account_template_0_111908","پیش پرداخت حسابرسی","111908","asset_current","l10n_ir_accounting.l10n_ir_chart_template","1"
"account_account_template_0_111909","پیش پرداخت مالیات بر ارزش افزوده","111909","asset_current","l10n_ir_accounting.l10n_ir_chart_template","1"
"account_account_template_0_111910","پیش پرداخت هزینه های تحقیق وتوسعه","111910","asset_current","l10n_ir_accounting.l10n_ir_chart_template","1"
"account_account_template_0_111911","پیش پرداخت اجاره","111911","asset_current","l10n_ir_accounting.l10n_ir_chart_template","1"
"account_account_template_0_111912","پیش پرداخت هزینه سود وکارمزدوامها","111912","asset_current","l10n_ir_accounting.l10n_ir_chart_template","1"
"account_account_template_0_111913","پیش پرداخت به پیمانکاران","111913","asset_current","l10n_ir_accounting.l10n_ir_chart_template","1"
"account_account_template_0_111914","پیش پرداخت عوارض بر ارزش افزوده","111914","asset_current","l10n_ir_accounting.l10n_ir_chart_template","1"
"account_account_template_0_111916","موجودی تمبر و سفته","111916","asset_current","l10n_ir_accounting.l10n_ir_chart_template","1"
"account_account_template_0_121001","ساختمانها","121001","asset_non_current","l10n_ir_accounting.l10n_ir_chart_template","0"
"account_account_template_0_121002","تاسیسات","121002","asset_non_current","l10n_ir_accounting.l10n_ir_chart_template","0"
"account_account_template_0_121003","ماشین آلات و تجهیزات تولید","121003","asset_non_current","l10n_ir_accounting.l10n_ir_chart_template","0"
"account_account_template_0_121004","ابزارألات و قالبها","121004","asset_non_current","l10n_ir_accounting.l10n_ir_chart_template","0"
"account_account_template_0_121005","وسائط نقلیه","121005","asset_non_current","l10n_ir_accounting.l10n_ir_chart_template","0"
"account_account_template_0_121006","اثاثیه ومنصوبات","121006","asset_non_current","l10n_ir_accounting.l10n_ir_chart_template","0"
"account_account_template_0_121007","لوازم ازمایشگاهی","121007","asset_non_current","l10n_ir_accounting.l10n_ir_chart_template","0"
"account_account_template_0_121008","اموال موجود در انبار","121008","asset_non_current","l10n_ir_accounting.l10n_ir_chart_template","0"
"account_account_template_0_121009","اموال موقت نزد انبار","121009","asset_non_current","l10n_ir_accounting.l10n_ir_chart_template","0"
"account_account_template_0_121011","کنترل دارائیها - تنخواه","121011","asset_non_current","l10n_ir_accounting.l10n_ir_chart_template","0"
"account_account_template_0_121012","کنترل دارائیها - انبار","121012","asset_non_current","l10n_ir_accounting.l10n_ir_chart_template","0"
"account_account_template_0_121101","استهلاک انباشته ساختمانها","121101","asset_non_current","l10n_ir_accounting.l10n_ir_chart_template","0"
"account_account_template_0_121102","استهلاک انباشته تاسیسات","121102","asset_non_current","l10n_ir_accounting.l10n_ir_chart_template","0"
"account_account_template_0_121103","استهلاک انباشته ماشین آلات و تجهیزات تولید","121103","asset_non_current","l10n_ir_accounting.l10n_ir_chart_template","0"
"account_account_template_0_121104","استهلاک انباشته ابزارألات و قالبها","121104","asset_non_current","l10n_ir_accounting.l10n_ir_chart_template","0"
"account_account_template_0_121105","استهلاک انباشته وسائط نقلیه","121105","asset_non_current","l10n_ir_accounting.l10n_ir_chart_template","0"
"account_account_template_0_121106","استهلاک انباشته اثاثیه و منصوبات","121106","asset_non_current","l10n_ir_accounting.l10n_ir_chart_template","0"
"account_account_template_0_121107","استهلاک انباشته لوازم ازمایشگاهی","121107","asset_non_current","l10n_ir_accounting.l10n_ir_chart_template","0"
"account_account_template_0_121109","استهلاک انباشته اموال","121109","asset_non_current","l10n_ir_accounting.l10n_ir_chart_template","0"
"account_account_template_0_121110","استهلاک انباشته نرم افزارها","121110","asset_non_current","l10n_ir_accounting.l10n_ir_chart_template","0"
"account_account_template_0_121201","زمین","121201","asset_non_current","l10n_ir_accounting.l10n_ir_chart_template","0"
"account_account_template_0_121202","املاک و مستغلات","121202","asset_non_current","l10n_ir_accounting.l10n_ir_chart_template","0"
"account_account_template_0_121301","ساختمانهای  در دست تکمیل","121301","asset_non_current","l10n_ir_accounting.l10n_ir_chart_template","0"
"account_account_template_0_121302","تاسیسات  در دست تکمیل","121302","asset_non_current","l10n_ir_accounting.l10n_ir_chart_template","0"
"account_account_template_0_121303","ماشین الات در دست تکمیل","121303","asset_non_current","l10n_ir_accounting.l10n_ir_chart_template","0"
"account_account_template_0_121304","ابزارآلات و قالبهای در دست تکمیل","121304","asset_non_current","l10n_ir_accounting.l10n_ir_chart_template","0"
"account_account_template_0_121305","ساختمان در دست تکمیل(سوله)","121305","asset_non_current","l10n_ir_accounting.l10n_ir_chart_template","0"
"account_account_template_0_121401","سرمایه گذاری در شرکتهای تابعه","121401","asset_non_current","l10n_ir_accounting.l10n_ir_chart_template","0"
"account_account_template_0_121402","سرمایه گذاری در شرکتهای وابسته","121402","asset_non_current","l10n_ir_accounting.l10n_ir_chart_template","0"
"account_account_template_0_121403","سرمایه گذاری در املاک و مستغلات","121403","asset_non_current","l10n_ir_accounting.l10n_ir_chart_template","0"
"account_account_template_0_121409","سهام سایر شرکتها","121409","asset_non_current","l10n_ir_accounting.l10n_ir_chart_template","0"
"account_account_template_0_121501","وامهای اعطایی بلند مدت","121501","asset_non_current","l10n_ir_accounting.l10n_ir_chart_template","0"
"account_account_template_0_121502","سپرده های بلند مدت نزد بانکها","121502","asset_non_current","l10n_ir_accounting.l10n_ir_chart_template","0"
"account_account_template_0_121601","هزینه های تاسیس وقبل از بهره برداری","121601","asset_non_current","l10n_ir_accounting.l10n_ir_chart_template","0"
"account_account_template_0_121603","هزینه سود وکارمزدوامهای بلند مدت","121603","asset_non_current","l10n_ir_accounting.l10n_ir_chart_template","0"
"account_account_template_0_121605","هزینه سنوات","121605","asset_non_current","l10n_ir_accounting.l10n_ir_chart_template","0"
"account_account_template_0_121606","هزینه های تحقیق وتوسعه","121606","asset_non_current","l10n_ir_accounting.l10n_ir_chart_template","0"
"account_account_template_0_121607","سایر هزینه های سنوات آتی","121607","asset_non_current","l10n_ir_accounting.l10n_ir_chart_template","0"
"account_account_template_0_122001","حق الامتیازها","122001","asset_non_current","l10n_ir_accounting.l10n_ir_chart_template","0"
"account_account_template_0_122002","سرقفلی","122002","asset_non_current","l10n_ir_accounting.l10n_ir_chart_template","0"
"account_account_template_0_122003","ودیعه آب","122003","asset_non_current","l10n_ir_accounting.l10n_ir_chart_template","0"
"account_account_template_0_122004","ودیعه برق","122004","asset_non_current","l10n_ir_accounting.l10n_ir_chart_template","0"
"account_account_template_0_122005","ودیعه تلفن","122005","asset_non_current","l10n_ir_accounting.l10n_ir_chart_template","0"
"account_account_template_0_122006","ودیعه گاز","122006","asset_non_current","l10n_ir_accounting.l10n_ir_chart_template","0"
"account_account_template_0_122007","سایر ودایع","122007","asset_non_current","l10n_ir_accounting.l10n_ir_chart_template","0"
"account_account_template_0_122008","سود سهام پرداختی","122008","asset_non_current","l10n_ir_accounting.l10n_ir_chart_template","0"
"account_account_template_0_122009","مالیات بر ارزش افزوده پرداختی","122009","asset_non_current","l10n_ir_accounting.l10n_ir_chart_template","0"
"account_account_template_0_122010","عوارض بر ارزش افزوده پرداختی","122010","asset_non_current","l10n_ir_accounting.l10n_ir_chart_template","0"
"account_account_template_0_122011","نرم افزار ها","122011","asset_non_current","l10n_ir_accounting.l10n_ir_chart_template","0"
"account_account_template_0_122012","سیستمها و روشها","122012","asset_non_current","l10n_ir_accounting.l10n_ir_chart_template","0"
"account_account_template_0_211001","اشخاص (حسابهای پرداختنی)","211001","liability_payable","l10n_ir_accounting.l10n_ir_chart_template","1"
"account_account_template_0_211002","شرکتها (حسابهای پرداختنی)","211002","liability_payable","l10n_ir_accounting.l10n_ir_chart_template","1"
"account_account_template_0_211003","کالای امانی دیگران نزد ما","211003","liability_current","l10n_ir_accounting.l10n_ir_chart_template","1"
"account_account_template_0_211004","معلق خرید","211004","liability_current","l10n_ir_accounting.l10n_ir_chart_template","1"
"account_account_template_0_211005","سایر حسابهای پرداختنی (طرح مشارکت)","211005","liability_payable","l10n_ir_accounting.l10n_ir_chart_template","1"
"account_account_template_0_211006","مالیات بر ارزش افزوده پرداختنی","211006","liability_payable","l10n_ir_accounting.l10n_ir_chart_template","1"
"account_account_template_0_211007","عوارض بر ارزش افزوده پرداختنی","211007","liability_payable","l10n_ir_accounting.l10n_ir_chart_template","1"
"account_account_template_0_211009","سایر حسابهای پرداختنی تجاری","211009","liability_payable","l10n_ir_accounting.l10n_ir_chart_template","1"
"account_account_template_0_211010","جاری شرکا","211010","liability_current","l10n_ir_accounting.l10n_ir_chart_template","1"
"account_account_template_0_211101","اسناد پرداختنی ریالی","211101","liability_payable","l10n_ir_accounting.l10n_ir_chart_template","1"
"account_account_template_0_211102","اسنادپرداختنی ارزی","211102","liability_payable","l10n_ir_accounting.l10n_ir_chart_template","1"
"account_account_template_0_211103","اسناد پرداختنی ریالی غیر تجاری","211103","liability_payable","l10n_ir_accounting.l10n_ir_chart_template","1"
"account_account_template_0_211104","اسناد پرداختنی ریالی غیرتجاری","211104","liability_payable","l10n_ir_accounting.l10n_ir_chart_template","1"
"account_account_template_0_211201","مالیات بر در آمدشرکت","211201","liability_current","l10n_ir_accounting.l10n_ir_chart_template","1"
"account_account_template_0_211202","مالیات حقوق ودستمزد کارکنان","211202","liability_current","l10n_ir_accounting.l10n_ir_chart_template","1"
"account_account_template_0_211203","مالیات تکلیفی اشخاص ثالث","211203","liability_current","l10n_ir_accounting.l10n_ir_chart_template","1"
"account_account_template_0_211204","سازمان تامین اجتماعی – حق بیمه کارکنان","211204","liability_current","l10n_ir_accounting.l10n_ir_chart_template","1"
"account_account_template_0_211205","سازمان تامین اجتماعی – حق بیمه اشخاص ثالث","211205","liability_current","l10n_ir_accounting.l10n_ir_chart_template","1"
"account_account_template_0_211206","بیمه عمر وحوادث کارکنان","211206","liability_current","l10n_ir_accounting.l10n_ir_chart_template","1"
"account_account_template_0_211207","صندوق کار آموزی","211207","liability_current","l10n_ir_accounting.l10n_ir_chart_template","1"
"account_account_template_0_211208","حقوق ودستمزد پرداختنی","211208","liability_payable","l10n_ir_accounting.l10n_ir_chart_template","1"
"account_account_template_0_211209","پیمانکاران","211209","liability_current","l10n_ir_accounting.l10n_ir_chart_template","1"
"account_account_template_0_211210","سایر کسور کارکنان","211210","liability_current","l10n_ir_accounting.l10n_ir_chart_template","1"
"account_account_template_0_211211","مالیات عیدی کارکنان","211211","liability_current","l10n_ir_accounting.l10n_ir_chart_template","1"
"account_account_template_0_211212","عیدی وپاداش پرداختنی","211212","liability_payable","l10n_ir_accounting.l10n_ir_chart_template","1"
"account_account_template_0_211213","سایر حسابهای پرداختنی کارکنان (طرح طبقه بندی)","211213","liability_payable","l10n_ir_accounting.l10n_ir_chart_template","1"
"account_account_template_0_211214","صندوق رفاه کارگران","211214","liability_current","l10n_ir_accounting.l10n_ir_chart_template","1"
"account_account_template_0_211215","هزینه های حسابرسی پرداختنی","211215","liability_payable","l10n_ir_accounting.l10n_ir_chart_template","1"
"account_account_template_0_211216","عوارض شهرداری","211216","liability_current","l10n_ir_accounting.l10n_ir_chart_template","1"
"account_account_template_0_211217","عوارض فروش 2%","211217","liability_current","l10n_ir_accounting.l10n_ir_chart_template","1"
"account_account_template_0_211218","سه در هزار فروش صنایع","211218","liability_current","l10n_ir_accounting.l10n_ir_chart_template","1"
"account_account_template_0_211219","یک در هزار تربیت بدنی","211219","liability_current","l10n_ir_accounting.l10n_ir_chart_template","1"
"account_account_template_0_211220","هزینه های پرداختنی","211220","liability_payable","l10n_ir_accounting.l10n_ir_chart_template","1"
"account_account_template_0_211221","(سایر پرداختها(موتور سیکلت هما","211221","liability_current","l10n_ir_accounting.l10n_ir_chart_template","1"
"account_account_template_0_211222","عوارض فروش2%","211222","liability_current","l10n_ir_accounting.l10n_ir_chart_template","1"
"account_account_template_0_211223","بیمه تکمیلی کارکنان","211223","liability_current","l10n_ir_accounting.l10n_ir_chart_template","1"
"account_account_template_0_211224","روند حقوق","211224","liability_current","l10n_ir_accounting.l10n_ir_chart_template","1"
"account_account_template_0_211225","بهره پرداختنی","211225","liability_payable","l10n_ir_accounting.l10n_ir_chart_template","1"
"account_account_template_0_211301","سپرده های دریافتی مزایده ومناقصه","211301","liability_current","l10n_ir_accounting.l10n_ir_chart_template","1"
"account_account_template_0_211302","سپرده های دریافتی حسن انجام کار","211302","liability_current","l10n_ir_accounting.l10n_ir_chart_template","1"
"account_account_template_0_211303","سایر سپرده های دریافتی","211303","liability_current","l10n_ir_accounting.l10n_ir_chart_template","1"
"account_account_template_0_211401","پیش دریافت فروش محصولات","211401","liability_current","l10n_ir_accounting.l10n_ir_chart_template","1"
"account_account_template_0_211409","سایر پیش دریافتها","211409","liability_current","l10n_ir_accounting.l10n_ir_chart_template","1"
"account_account_template_0_211501","ذخیره مالیات","211501","liability_current","l10n_ir_accounting.l10n_ir_chart_template","1"
"account_account_template_0_211601","سود سهام پیشنهادی","211601","liability_current","l10n_ir_accounting.l10n_ir_chart_template","1"
"account_account_template_0_211602","سود سهام پرداختنی","211602","liability_payable","l10n_ir_accounting.l10n_ir_chart_template","1"
"account_account_template_0_211701","وامهای دریافتی از بانکها - فروش اقساطی","211701","liability_current","l10n_ir_accounting.l10n_ir_chart_template","1"
"account_account_template_0_211702","وامهای دریافتی از بانکها - سلف","211702","liability_current","l10n_ir_accounting.l10n_ir_chart_template","1"
"account_account_template_0_211703","وامهای دریافتی از بانکها - مضاربه","211703","liability_current","l10n_ir_accounting.l10n_ir_chart_template","1"
"account_account_template_0_211704","تسهیلات گشایش اعتبار اسنادی داخلی","211704","liability_current","l10n_ir_accounting.l10n_ir_chart_template","1"
"account_account_template_0_211705","وامهای دریافتی از بانکها مشارکت مدنی","211705","liability_current","l10n_ir_accounting.l10n_ir_chart_template","1"
"account_account_template_0_211801","ذخیره مرخصی استفاده نشده","211801","liability_current","l10n_ir_accounting.l10n_ir_chart_template","1"
"account_account_template_0_211802","ذخیره سایر هزینه ها","211803","liability_current","l10n_ir_accounting.l10n_ir_chart_template","1"
"account_account_template_0_211805","ذخیره بن کارگری","211805","liability_current","l10n_ir_accounting.l10n_ir_chart_template","1"
"account_account_template_0_221001","اسنادپرداختنی بلند مدت ریالی","221001","liability_payable","l10n_ir_accounting.l10n_ir_chart_template","1"
"account_account_template_0_221002","اسنادپرداختنی بلند مدت ارزی","221002","liability_payable","l10n_ir_accounting.l10n_ir_chart_template","1"
"account_account_template_0_221101","حسابهای پرداختنی بلند مدت","221101","liability_payable","l10n_ir_accounting.l10n_ir_chart_template","1"
"account_account_template_0_221201","وامهای پرداختنی بلند مدت - فروش اقساطی","221201","liability_payable","l10n_ir_accounting.l10n_ir_chart_template","1"
"account_account_template_0_221202","وامهای پرداختنی بلند مدت - سلف","221202","liability_payable","l10n_ir_accounting.l10n_ir_chart_template","1"
"account_account_template_0_221203","وامهای پرداختنی بلند مدت - جعاله","221203","liability_payable","l10n_ir_accounting.l10n_ir_chart_template","1"
"account_account_template_0_221204","وامهای پرداختنی بلند مدت - مشارکت مدنی","221204","liability_payable","l10n_ir_accounting.l10n_ir_chart_template","1"
"account_account_template_0_221205","وامهای پرداختنی بلند مدت صنایع","221205","liability_payable","l10n_ir_accounting.l10n_ir_chart_template","1"
"account_account_template_0_221301","ذخیره مزایای پایان خدمت کارکنان","221301","liability_non_current","l10n_ir_accounting.l10n_ir_chart_template","0"
"account_account_template_0_221305","ذخیره سنوات","221305","liability_non_current","l10n_ir_accounting.l10n_ir_chart_template","0"
"account_account_template_0_221501","سود ناشی از تسعیر بدهیهای بلند مدت ارزی","221501","liability_non_current","l10n_ir_accounting.l10n_ir_chart_template","0"
"account_account_template_0_221502","سود ناشی از فروش بلندمدت اقلام","221502","liability_non_current","l10n_ir_accounting.l10n_ir_chart_template","0"
"account_account_template_0_311001","سرمایه ثبت شده – سهام عادی با نام","311001","equity","l10n_ir_accounting.l10n_ir_chart_template","0"
"account_account_template_0_311002","سرمایه تعهد شده – سهام عادی با نام","311002","equity","l10n_ir_accounting.l10n_ir_chart_template","0"
"account_account_template_0_311101","اندوخته قانونی","311101","equity","l10n_ir_accounting.l10n_ir_chart_template","0"
"account_account_template_0_311201","اندوخته سرمایه ای","311201","equity","l10n_ir_accounting.l10n_ir_chart_template","0"
"account_account_template_0_311202","اندوخته توسعه وتکمیل","311202","equity","l10n_ir_accounting.l10n_ir_chart_template","0"
"account_account_template_0_311203","اندوخته احتیاطی","311203","equity","l10n_ir_accounting.l10n_ir_chart_template","0"
"account_account_template_0_311205","اندوخته جایگزین دارائیها","311205","equity","l10n_ir_accounting.l10n_ir_chart_template","0"
"account_account_template_0_311206","صرف سهام","311206","equity","l10n_ir_accounting.l10n_ir_chart_template","0"
"account_account_template_0_311301","سود (زیان ) انباشته","311301","equity","l10n_ir_accounting.l10n_ir_chart_template","0"
"account_account_template_0_311302","تعدیلات سنواتی","311302","equity","l10n_ir_accounting.l10n_ir_chart_template","0"
"account_account_template_0_311401","سود (زیان ) جاری","311401","equity","l10n_ir_accounting.l10n_ir_chart_template","0"
"account_account_template_0_311601","تقسیم سود","311601","equity","l10n_ir_accounting.l10n_ir_chart_template","0"
"account_account_template_0_411001","فروش  داخلی محصولات","411001","expense","l10n_ir_accounting.l10n_ir_chart_template","0"
"account_account_template_0_411002","فروش  خارجی محصولات","411002","expense","l10n_ir_accounting.l10n_ir_chart_template","0"
"account_account_template_0_411003","فروش","411003","expense","l10n_ir_accounting.l10n_ir_chart_template","0"
"account_account_template_0_411004","فروش 3","411004","expense","l10n_ir_accounting.l10n_ir_chart_template","0"
"account_account_template_0_411005","فروش ضایعات","411005","expense","l10n_ir_accounting.l10n_ir_chart_template","0"
"account_account_template_0_411006","فروش گرانول","411006","expense","l10n_ir_accounting.l10n_ir_chart_template","0"
"account_account_template_0_411007","فروش خدمات تولیدی","411007","expense","l10n_ir_accounting.l10n_ir_chart_template","0"
"account_account_template_0_411008","درآمد فروش","411008","expense","l10n_ir_accounting.l10n_ir_chart_template","0"
"account_account_template_0_411009","فروش مواد و قطعات","411009","expense","l10n_ir_accounting.l10n_ir_chart_template","0"
"account_account_template_0_411010","درآمد کالیبره","411010","expense","l10n_ir_accounting.l10n_ir_chart_template","0"
"account_account_template_0_411011","فروش مواد اولیه","411011","expense","l10n_ir_accounting.l10n_ir_chart_template","0"
"account_account_template_0_411101","برگشت از فروش  داخلی محصولات","411101","expense","l10n_ir_accounting.l10n_ir_chart_template","0"
"account_account_template_0_411102","برگشت از فروش  خارجی محصولات","411102","expense","l10n_ir_accounting.l10n_ir_chart_template","0"
"account_account_template_0_411103","برگشت از فروش","411103","expense","l10n_ir_accounting.l10n_ir_chart_template","0"
"account_account_template_0_411104","برگشت از فروش ضایعات","411104","expense","l10n_ir_accounting.l10n_ir_chart_template","0"
"account_account_template_0_411111","تخفیفات محصولات داخلی","411111","expense","l10n_ir_accounting.l10n_ir_chart_template","0"
"account_account_template_0_411112","تخفیفات محصولات خارجی","411112","expense","l10n_ir_accounting.l10n_ir_chart_template","0"
"account_account_template_0_411113","تخفیفات محصولات","411113","expense","l10n_ir_accounting.l10n_ir_chart_template","0"
"account_account_template_0_411114","تخفیفات ضایعات","411114","expense","l10n_ir_accounting.l10n_ir_chart_template","0"
"account_account_template_0_411201","سود و زیان فروش ضایعات","411201","expense","l10n_ir_accounting.l10n_ir_chart_template","0"
"account_account_template_0_411209","سایر درآمدها و هزینه های عملیاتی","411209","expense","l10n_ir_accounting.l10n_ir_chart_template","0"
"account_account_template_0_411210","درآمدفروش پالت","411210","expense","l10n_ir_accounting.l10n_ir_chart_template","0"
"account_account_template_0_511001","قیمت تمام شده کالای فروش رفته داخلی محصولات","511001","asset_current","l10n_ir_accounting.l10n_ir_chart_template","0"
"account_account_template_0_511002","قیمت تمام شده کالای فروش رفته خارجی محصولات","511002","asset_current","l10n_ir_accounting.l10n_ir_chart_template","0"
"account_account_template_0_511003","قیمت تمام شده کالای فروش رفته ضایعات","511003","asset_current","l10n_ir_accounting.l10n_ir_chart_template","0"
"account_account_template_0_511004","قیمت تمام شده گرانول","511004","asset_current","l10n_ir_accounting.l10n_ir_chart_template","0"
"account_account_template_0_511005","قیمت تمام شده مواد و قطعات","511005","asset_current","l10n_ir_accounting.l10n_ir_chart_template","0"
"account_account_template_0_511009","قیمت تمام شده خدمات تولیدی","511009","asset_current","l10n_ir_accounting.l10n_ir_chart_template","0"
"account_account_template_0_511010","قیمت تمام شده مواد اولیه","511010","asset_current","l10n_ir_accounting.l10n_ir_chart_template","0"
"account_account_template_0_611001","حقوق پایه","611001","expense","l10n_ir_accounting.l10n_ir_chart_template","0"
"account_account_template_0_611002","اضافه کاری","611002","expense","l10n_ir_accounting.l10n_ir_chart_template","0"
"account_account_template_0_611003","حق شیفت وشبکاری","611003","expense","l10n_ir_accounting.l10n_ir_chart_template","0"
"account_account_template_0_611004","حق نوبت کاری","611004","expense","l10n_ir_accounting.l10n_ir_chart_template","0"
"account_account_template_0_611005","حق جذب","611005","expense","l10n_ir_accounting.l10n_ir_chart_template","0"
"account_account_template_0_611006","فوق العاده مسکن وخواروبار","611006","expense","l10n_ir_accounting.l10n_ir_chart_template","0"
"account_account_template_0_611007","حق اولاد","611007","expense","l10n_ir_accounting.l10n_ir_chart_template","0"
"account_account_template_0_611008","عیدی وپاداش","611008","expense","l10n_ir_accounting.l10n_ir_chart_template","0"
"account_account_template_0_611009","بن کارگری","611009","expense","l10n_ir_accounting.l10n_ir_chart_template","0"
"account_account_template_0_611010","پاداش بهره وری تولید","611010","expense","l10n_ir_accounting.l10n_ir_chart_template","0"
"account_account_template_0_611011","بیمه سهم کارفرما","611011","expense","l10n_ir_accounting.l10n_ir_chart_template","0"
"account_account_template_0_611012","سهم صندوق کارآموزی","611012","expense","l10n_ir_accounting.l10n_ir_chart_template","0"
"account_account_template_0_611013","بازخرید سنوات خدمت کارکنان","611013","expense","l10n_ir_accounting.l10n_ir_chart_template","0"
"account_account_template_0_611014","مرخصی استفاده نشده","611014","expense","l10n_ir_accounting.l10n_ir_chart_template","0"
"account_account_template_0_611015","حق سر پرستی","611015","expense","l10n_ir_accounting.l10n_ir_chart_template","0"
"account_account_template_0_611016","بیمه بیکاری","611016","expense","l10n_ir_accounting.l10n_ir_chart_template","0"
"account_account_template_0_611017","دستمزد کارکنان روزمزد","611017","expense","l10n_ir_accounting.l10n_ir_chart_template","0"
"account_account_template_0_611018","حقوق ومزایای متفرقه","611018","expense","l10n_ir_accounting.l10n_ir_chart_template","0"
"account_account_template_0_611019","بیمه تکمیلی کارفرما","611019","expense","l10n_ir_accounting.l10n_ir_chart_template","0"
"account_account_template_0_611020","حق فنی","611020","expense","l10n_ir_accounting.l10n_ir_chart_template","0"
"account_account_template_0_611021","مزد رتبه","611021","expense","l10n_ir_accounting.l10n_ir_chart_template","0"
"account_account_template_0_611022","شرایط کار","611022","expense","l10n_ir_accounting.l10n_ir_chart_template","0"
"account_account_template_0_611101","سفر ، اقامت وفوق العاده ماموریت","611101","expense","l10n_ir_accounting.l10n_ir_chart_template","0"
"account_account_template_0_611102","پوشاک ولوازم ایمنی","611102","expense","l10n_ir_accounting.l10n_ir_chart_template","0"
"account_account_template_0_611103","پذیرایی و آبدارخانه","611103","expense","l10n_ir_accounting.l10n_ir_chart_template","0"
"account_account_template_0_611104","ایاب وذهاب","611104","expense","l10n_ir_accounting.l10n_ir_chart_template","0"
"account_account_template_0_611105","بهداشت ودرمان","611105","expense","l10n_ir_accounting.l10n_ir_chart_template","0"
"account_account_template_0_611106","آموزش","611106","expense","l10n_ir_accounting.l10n_ir_chart_template","0"
"account_account_template_0_611107","حق ورزش","611107","expense","l10n_ir_accounting.l10n_ir_chart_template","0"
"account_account_template_0_611108","کمکهای غیر نقدی","611108","expense","l10n_ir_accounting.l10n_ir_chart_template","0"
"account_account_template_0_611109","رستوران","611109","expense","l10n_ir_accounting.l10n_ir_chart_template","0"
"account_account_template_0_611110","هزینه صندوق سهم کارفرما","611110","expense","l10n_ir_accounting.l10n_ir_chart_template","0"
"account_account_template_0_611119","سایر هزینه های کارکنان","611119","expense","l10n_ir_accounting.l10n_ir_chart_template","0"
"account_account_template_0_611201","تعمیر ونگهداری ساختمان وتاسیسات","611201","expense","l10n_ir_accounting.l10n_ir_chart_template","0"
"account_account_template_0_611202","تعمیر ونگهداری ماشین آلات و تجهیزات تولید","611202","expense","l10n_ir_accounting.l10n_ir_chart_template","0"
"account_account_template_0_611203","تعمیر و نگهداری ابزارآلات و قالبها","611203","expense","l10n_ir_accounting.l10n_ir_chart_template","0"
"account_account_template_0_611204","تعمیر ونگهداری وسایط نقلیه","611204","expense","l10n_ir_accounting.l10n_ir_chart_template","0"
"account_account_template_0_611205","تعمیر ونگهداری اثاثیه ومنصوبات","611205","expense","l10n_ir_accounting.l10n_ir_chart_template","0"
"account_account_template_0_611206","تعمیر و نگهداری لوازم آزمایشگاهی","611206","expense","l10n_ir_accounting.l10n_ir_chart_template","0"
"account_account_template_0_611207","هزینه سوخت کارخانه","611207","expense","l10n_ir_accounting.l10n_ir_chart_template","0"
"account_account_template_0_611208","هزینه سوخت وسائط نقلیه","611208","expense","l10n_ir_accounting.l10n_ir_chart_template","0"
"account_account_template_0_611209","هزینه آب و برق مصرفی","611209","expense","l10n_ir_accounting.l10n_ir_chart_template","0"
"account_account_template_0_611210","بیمه دارائیهای ثابت","611210","expense","l10n_ir_accounting.l10n_ir_chart_template","0"
"account_account_template_0_611211","بیمه موجودیها","611211","expense","l10n_ir_accounting.l10n_ir_chart_template","0"
"account_account_template_0_611212","هزینه لوازم مصرفی آزمایشگاهی","611212","expense","l10n_ir_accounting.l10n_ir_chart_template","0"
"account_account_template_0_611213","ابزار ولوازم فنی مصرفی","611213","expense","l10n_ir_accounting.l10n_ir_chart_template","0"
"account_account_template_0_611214","مواد مصرفی غیر مستقیم تولید","611214","expense","l10n_ir_accounting.l10n_ir_chart_template","0"
"account_account_template_0_611215","هزینه ملزومات ونوشت افزار","611215","expense","l10n_ir_accounting.l10n_ir_chart_template","0"
"account_account_template_0_611216","هزینه پست وتلفن","611216","expense","l10n_ir_accounting.l10n_ir_chart_template","0"
"account_account_template_0_611217","هزینه مواد مصرفی مستقیم تولید","611217","expense","l10n_ir_accounting.l10n_ir_chart_template","0"
"account_account_template_0_611218","هزینه ثبتی و محضری","611218","expense","l10n_ir_accounting.l10n_ir_chart_template","0"
"account_account_template_0_611219","هزینه اجاره محل","611219","expense","l10n_ir_accounting.l10n_ir_chart_template","0"
"account_account_template_0_611301","هزینه استهلاک ساختمان","611301","expense","l10n_ir_accounting.l10n_ir_chart_template","0"
"account_account_template_0_611302","هزینه استهلاک تاسیسات","611302","expense","l10n_ir_accounting.l10n_ir_chart_template","0"
"account_account_template_0_611303","هزینه استهلاک ماشین آلات وتجهیزات تولید","611303","expense","l10n_ir_accounting.l10n_ir_chart_template","0"
"account_account_template_0_611304","هزینه استهلاک ابزارآلات و قالبها","611304","expense","l10n_ir_accounting.l10n_ir_chart_template","0"
"account_account_template_0_611305","هزینه استهلاک وسائط نقلیه","611305","expense","l10n_ir_accounting.l10n_ir_chart_template","0"
"account_account_template_0_611306","هزینه استهلاک اثاثیه و منصوبات","611306","expense","l10n_ir_accounting.l10n_ir_chart_template","0"
"account_account_template_0_611307","هزینه استهلاک لوازم آزمایشگاهی","611307","expense","l10n_ir_accounting.l10n_ir_chart_template","0"
"account_account_template_0_611308","هزینه استهلاک اموال","611308","expense","l10n_ir_accounting.l10n_ir_chart_template","0"
"account_account_template_0_611309","هزینه استهلاک نرم افزارها","611309","expense","l10n_ir_accounting.l10n_ir_chart_template","0"
"account_account_template_0_621001","هزینه آگهی و تبلیغات","621001","expense","l10n_ir_accounting.l10n_ir_chart_template","0"
"account_account_template_0_621003","هزینه شرکت درمناقصه","621003","expense","l10n_ir_accounting.l10n_ir_chart_template","0"
"account_account_template_0_621004","هزینه ارسال نمونه ها","621004","expense","l10n_ir_accounting.l10n_ir_chart_template","0"
"account_account_template_0_621006","هزینه 3 درصد فروش (عوارض شهرداری و دارایی)","621006","expense","l10n_ir_accounting.l10n_ir_chart_template","0"
"account_account_template_0_621007","هزینه های نمایشگاه","621007","expense","l10n_ir_accounting.l10n_ir_chart_template","0"
"account_account_template_0_621008","هزینه بازاریابی و پورسانت","621008","expense","l10n_ir_accounting.l10n_ir_chart_template","0"
"account_account_template_0_621009","هزینه های حمل وانبارداری","621009","expense","l10n_ir_accounting.l10n_ir_chart_template","0"
"account_account_template_0_621010","هزینه های متفرقه توزیع وفروش","621010","expense","l10n_ir_accounting.l10n_ir_chart_template","0"
"account_account_template_0_621018","هزینه های واخواست","621018","expense","l10n_ir_accounting.l10n_ir_chart_template","0"
"account_account_template_0_621019","هزینه مطالبات سوخت شده","621019","expense","l10n_ir_accounting.l10n_ir_chart_template","0"
"account_account_template_0_621020","هزینه مطالبات مشکوک الوصول","621020","expense","l10n_ir_accounting.l10n_ir_chart_template","0"
"account_account_template_0_621101","هزینه سود وکارمزد وامها","621101","expense","l10n_ir_accounting.l10n_ir_chart_template","0"
"account_account_template_0_621102","هزینه تمبر وسفته","621102","expense","l10n_ir_accounting.l10n_ir_chart_template","0"
"account_account_template_0_621104","هزینه کارمزد خدمات بانکی","621104","expense","l10n_ir_accounting.l10n_ir_chart_template","0"
"account_account_template_0_621105","هزینه جریمه دیر کرد وامها","621105","expense","l10n_ir_accounting.l10n_ir_chart_template","0"
"account_account_template_0_621109","هزینه های متفرقه مالی","621109","expense","l10n_ir_accounting.l10n_ir_chart_template","0"
"account_account_template_0_621201","حصه جاری هزینه  های  تحقیق و توسعه","621201","expense","l10n_ir_accounting.l10n_ir_chart_template","0"
"account_account_template_0_621301","هزینه حق الزحمه حقوقی","621301","expense","l10n_ir_accounting.l10n_ir_chart_template","0"
"account_account_template_0_621302","هزینه حق الزحمه مشاورین","621302","expense","l10n_ir_accounting.l10n_ir_chart_template","0"
"account_account_template_0_621303","هزینه حق الزحمه حسابرسی","621303","expense","l10n_ir_accounting.l10n_ir_chart_template","0"
"account_account_template_0_621304","حق الزحمه خرید خدمات","621304","expense","l10n_ir_accounting.l10n_ir_chart_template","0"
"account_account_template_0_621305","کتب ونشریات","621305","expense","l10n_ir_accounting.l10n_ir_chart_template","0"
"account_account_template_0_621306","حق عضویت","621306","expense","l10n_ir_accounting.l10n_ir_chart_template","0"
"account_account_template_0_621307","پذیرائی و جشنها","621307","expense","l10n_ir_accounting.l10n_ir_chart_template","0"
"account_account_template_0_621308","کمک واعانات","621308","expense","l10n_ir_accounting.l10n_ir_chart_template","0"
"account_account_template_0_621309","هزینه متفرقه","621309","expense","l10n_ir_accounting.l10n_ir_chart_template","0"
"account_account_template_0_621310","سهم جاری هزینه تاسیس وقبل از بهره برداری","621310","expense","l10n_ir_accounting.l10n_ir_chart_template","0"
"account_account_template_0_621311","حق الزحمه بازرسین","621311","expense","l10n_ir_accounting.l10n_ir_chart_template","0"
"account_account_template_0_621312","حق حضور اعضاء هیئت مدیره","621312","expense","l10n_ir_accounting.l10n_ir_chart_template","0"
"account_account_template_0_621319","سایر هزینه های اداری و تشکیلاتی","621319","expense","l10n_ir_accounting.l10n_ir_chart_template","0"
"account_account_template_0_621501","سود و زیان ناشی از تسعیر ارز","621501","expense","l10n_ir_accounting.l10n_ir_chart_template","0"
"account_account_template_0_621502","سود و زیان ناشی از فروش دارائیها","621502","expense","l10n_ir_accounting.l10n_ir_chart_template","0"
"account_account_template_0_621503","سود و زیان ناشی از بیمه دارائیها","621503","expense","l10n_ir_accounting.l10n_ir_chart_template","0"
"account_account_template_0_621504","سود سپرده","621504","expense","l10n_ir_accounting.l10n_ir_chart_template","0"
"account_account_template_0_621505","درآمدهای متفرقه","621505","expense","l10n_ir_accounting.l10n_ir_chart_template","0"
"account_account_template_0_621506","هزینه های باشگاه فرهنگی ورزشی کاشی باستان","621506","expense","l10n_ir_accounting.l10n_ir_chart_template","0"
"account_account_template_0_621507","هزینه های فضای سبز","621507","expense","l10n_ir_accounting.l10n_ir_chart_template","0"
"account_account_template_0_621509","سود و زیان ناشی از سایر اقلام","621509","expense","l10n_ir_accounting.l10n_ir_chart_template","0"
"account_account_template_0_621510","درآمد حاصل از سرمایه گذاری","621510","expense","l10n_ir_accounting.l10n_ir_chart_template","0"
"account_account_template_0_621511","درآمد حاصل از سرمایه گذاری.","621511","expense","l10n_ir_accounting.l10n_ir_chart_template","0"
"account_account_template_0_621701","مغایرت جذب سربار دوایر تولیدی","621701","expense","l10n_ir_accounting.l10n_ir_chart_template","0"
"account_account_template_0_621704","سایر هزینه های غیر مترقبه","621704","expense","l10n_ir_accounting.l10n_ir_chart_template","0"
"account_account_template_0_811001","جذب هزینه های دستمزد","811001","expense","l10n_ir_accounting.l10n_ir_chart_template","0"
"account_account_template_0_811002","جذب هزینه های سربار","811002","expense","l10n_ir_accounting.l10n_ir_chart_template","0"
"account_account_template_0_811101","سهم سربار از دوایر خدماتی","811101","expense","l10n_ir_accounting.l10n_ir_chart_template","0"
"account_account_template_0_811102","تسهیم سربار دوایر خدماتی","811102","expense","l10n_ir_accounting.l10n_ir_chart_template","0"
"account_account_template_0_811201","انحراف نرخ مصرف مواد","811201","expense","l10n_ir_accounting.l10n_ir_chart_template","0"
"account_account_template_0_811202","انحراف مصرف مواد","811202","expense","l10n_ir_accounting.l10n_ir_chart_template","0"
"account_account_template_0_811301","انحراف هزینه دستمزد","811301","expense","l10n_ir_accounting.l10n_ir_chart_template","0"
"account_account_template_0_811302","انحراف هزینه سربار","811302","expense","l10n_ir_accounting.l10n_ir_chart_template","0"
"account_account_template_0_811401","انتقال هزینه های دستمزد","811401","expense","l10n_ir_accounting.l10n_ir_chart_template","0"
"account_account_template_0_811402","انتقال هزینه های سربار","811402","expense","l10n_ir_accounting.l10n_ir_chart_template","0"
"account_account_template_0_911001","ضمانت نامه های انجام مناقصه ومزایده","911001","off_balance","l10n_ir_accounting.l10n_ir_chart_template","0"
"account_account_template_0_911002","ضمانت نامه های حسن انجام کار","911002","off_balance","l10n_ir_accounting.l10n_ir_chart_template","0"
"account_account_template_0_911003","اسناد تضمینی دریافتی از کارکنان","911003","off_balance","l10n_ir_accounting.l10n_ir_chart_template","0"
"account_account_template_0_911004","ضمانت نامه های بانکی","911004","off_balance","l10n_ir_accounting.l10n_ir_chart_template","0"
"account_account_template_0_911005","سایر اسناد تضمینی به نفع شرکت","911005","off_balance","l10n_ir_accounting.l10n_ir_chart_template","0"
"account_account_template_0_911006","اسناد تضمینی دریافتی از نمایندگان کاشی","911006","off_balance","l10n_ir_accounting.l10n_ir_chart_template","0"
"account_account_template_0_911008","اسناد تضمینی تنخواه","911008","off_balance","l10n_ir_accounting.l10n_ir_chart_template","0"
"account_account_template_0_911009","اسناد تضمینی دریافتی از نمایندگان کاشی(جدید)","911009","off_balance","l10n_ir_accounting.l10n_ir_chart_template","0"
"account_account_template_0_911012","کالای امانی ما نزد دیگران","911012","off_balance","l10n_ir_accounting.l10n_ir_chart_template","0"
"account_account_template_0_911101","ضمانت نامه های شرکت در مناقصه ومزایده","911101","off_balance","l10n_ir_accounting.l10n_ir_chart_template","0"
"account_account_template_0_911102","ضمانت نامه های حسن انجام کار","911102","off_balance","l10n_ir_accounting.l10n_ir_chart_template","0"
"account_account_template_0_911103","اسنادتضمینی بابت سفارشات","911103","off_balance","l10n_ir_accounting.l10n_ir_chart_template","0"
"account_account_template_0_911104","اسناد تضمینی بابت ضمانت نامه های گمرکی","911104","off_balance","l10n_ir_accounting.l10n_ir_chart_template","0"
"account_account_template_0_911105","اسناد تضمینی بابت تحصیل دارایی","911105","off_balance","l10n_ir_accounting.l10n_ir_chart_template","0"
"account_account_template_0_911106","اسناد تضمینی بابت فروش نمایندگی","911106","off_balance","l10n_ir_accounting.l10n_ir_chart_template","0"
"account_account_template_0_911107","اسناد تضمینی بابت تسهیلات مالی دریافتی","911107","off_balance","l10n_ir_accounting.l10n_ir_chart_template","0"
"account_account_template_0_911108","سایر اسناد تضمینی به عهده شرکت","911108","off_balance","l10n_ir_accounting.l10n_ir_chart_template","0"
"account_account_template_0_911201","طرف حسابهای انتظامی به عهده شرکت","911201","off_balance","l10n_ir_accounting.l10n_ir_chart_template","0"
"account_account_template_0_911202","طرف حسابهای انتظامی به نفع شرکت","911202","off_balance","l10n_ir_accounting.l10n_ir_chart_template","0"
"account_account_template_0_1110051","انتقال نقدینگی","1110051","asset_current","l10n_ir_accounting.l10n_ir_chart_template","1"
"account_account_template_0_1110052","حساب تعویق بانک","1110052","liability_current","l10n_ir_accounting.l10n_ir_chart_template","0"
"account_account_template_0_1110053","دریافتنی معوق","1110053","asset_current","l10n_ir_accounting.l10n_ir_chart_template","1"
"account_account_template_0_1110054","پرداختنی معوق","1110054","asset_current","l10n_ir_accounting.l10n_ir_chart_template","1"
